Rank,ID,Deskripsi,Panjang (bp),A,T,G,C,GC_Content (%)
1,CF544295.1,"Hd_mx17_69B08_T7 Hypsibius dujardini mixed stage (fraction 7) Hypsibius dujardini cDNA clone Hd_mx17_69B08 5' similar to Q88C73 (Q88C73) ATP-dependent DNA helicase RecG, mRNA sequence",506,94,65,125,155,55.34
2,PQ354675.1,"Hypsibius dujardini voucher Hyp.duj-34294 internal transcribed spacer region, partial sequence",479,103,140,130,106,49.27
3,PQ354674.1,"Hypsibius dujardini voucher Hyp.duj-33084-2 internal transcribed spacer region, partial sequence",474,102,139,128,105,49.16
4,PQ354677.1,"Hypsibius dujardini voucher Hyp.duj-41350 internal transcribed spacer region, partial sequence",476,102,141,128,105,48.95
5,PQ354676.1,"Hypsibius dujardini voucher Hyp.duj-37250-2 internal transcribed spacer region, partial sequence",474,102,140,127,105,48.95
6,PQ356835.1,"Hypsibius dujardini voucher Hyp.duj-18730-2 cytochrome c oxidase subunit I (COX1) gene, partial cds; mitochondrial",640,188,209,99,144,37.97
7,PQ356834.1,"Hypsibius dujardini voucher Hyp.duj-18730 cytochrome c oxidase subunit I (COX1) gene, partial cds; mitochondrial",640,188,209,99,144,37.97
8,PQ356833.1,"Hypsibius dujardini voucher Hyp.duj-12147-2 cytochrome c oxidase subunit I (COX1) gene, partial cds; mitochondrial",640,189,209,99,143,37.81
9,PQ356836.1,"Hypsibius dujardini voucher Hyp.duj-26344 cytochrome c oxidase subunit I (COX1) gene, partial cds; mitochondrial",640,191,210,97,142,37.34
